{
  "status": "ok",
  "request_id": "5ca338fd-f869-4024-86ec-47d26378bb84",
  "objects": [
    {
      "name": "pink small object",
      "pose": [
        [
          0.20390892028808594,
          0.8909792900085449,
          -0.40568122267723083,
          -0.043244849890470505
        ],
        [
          -0.6301762461662292,
          -0.19766509532928467,
          -0.7508705854415894,
          0.14703385531902313
        ],
        [
          -0.7491989731788635,
          0.4087599217891693,
          0.5211681723594666,
          0.6774227023124695
        ],
        [
          0.0,
          0.0,
          0.0,
          1.0
        ]
      ],
      "length": [
        0.018268292769789696,
        0.05782739818096161,
        0.027236077934503555
      ],
      "obj_id": [
        1,
        1
      ],
      "box_id": 1
    },
    {
      "name": "toy car",
      "pose": [
        [
          -0.045285940170288086,
          -0.016299810260534286,
          -0.9988410472869873,
          0.16793611645698547
        ],
        [
          0.7587689757347107,
          -0.6509255170822144,
          -0.023779237642884254,
          0.1189877986907959
        ],
        [
          -0.6497835516929626,
          -0.7589665055274963,
          0.04184567928314209,
          0.7066721320152283
        ],
        [
          0.0,
          0.0,
          0.0,
          1.0
        ]
      ],
      "length": [
        0.08115372806787491,
        0.02613736502826214,
        0.035509541630744934
      ],
      "obj_id": [
        2,
        2
      ],
      "box_id": 2
    },
    {
      "name": "red box",
      "pose": [
        [
          0.025347232818603516,
          -0.023127585649490356,
          -0.9994111657142639,
          0.06248524785041809
        ],
        [
          0.6462901830673218,
          -0.7623324394226074,
          0.034032613039016724,
          -0.04204237088561058
        ],
        [
          -0.7626706957817078,
          -0.6467722654342651,
          -0.004375934600830078,
          0.7556530833244324
        ],
        [
          0.0,
          0.0,
          0.0,
          1.0
        ]
      ],
      "length": [
        0.09277087450027466,
        0.1698729395866394,
        0.11884409189224243
      ],
      "obj_id": [
        3,
        3
      ],
      "box_id": 3
    },
    {
      "name": "green small box",
      "pose": [
        [
          0.5073297619819641,
          -0.01336285937577486,
          0.861648440361023,
          -0.10922383517026901
        ],
        [
          -0.6809893846511841,
          -0.6189428567886353,
          0.3913607895374298,
          0.13555501401424408
        ],
        [
          0.5280814170837402,
          -0.7853224873542786,
          -0.3231081962585449,
          0.6658796668052673
        ],
        [
          0.0,
          0.0,
          0.0,
          1.0
        ]
      ],
      "length": [
        0.07921300828456879,
        0.03628997504711151,
        0.09177571535110474
      ],
      "obj_id": [
        4,
        4
      ],
      "box_id": 4
    }
  ],
  "elapsed_sec": 0.1107
}