{
  "status": "ok",
  "request_id": "748c4f79-cc4f-48d5-998b-46e6baa472b4",
  "objects": [
    {
      "name": "blue object",
      "pose": [
        [
          -0.01604926586151123,
          -0.005883219186216593,
          -0.9998539686203003,
          -0.12830403447151184
        ],
        [
          0.7157962322235107,
          -0.698270320892334,
          -0.007380965165793896,
          0.048352014273405075
        ],
        [
          -0.6981247663497925,
          -0.7158101201057434,
          0.015417814254760742,
          0.7465712428092957
        ],
        [
          0.0,
          0.0,
          0.0,
          1.0
        ]
      ],
      "length": [
        0.055477481335401535,
        0.05695639178156853,
        0.14199897646903992
      ],
      "obj_id": [
        1,
        1
      ],
      "box_id": 1
    },
    {
      "name": "blue object",
      "pose": [
        [
          -0.248512864112854,
          0.14479799568653107,
          0.9577445983886719,
          -0.08005739748477936
        ],
        [
          -0.8443669080734253,
          -0.5168929100036621,
          -0.1409466713666916,
          0.011168412864208221
        ],
        [
          0.4746427834033966,
          -0.8437149524688721,
          0.2507172226905823,
          0.6951977610588074
        ],
        [
          0.0,
          0.0,
          0.0,
          1.0
        ]
      ],
      "length": [
        0.05086374655365944,
        0.09015217423439026,
        0.058409325778484344
      ],
      "obj_id": [
        2,
        2
      ],
      "box_id": 2
    }
  ],
  "elapsed_sec": 0.1635
}