{
  "status": "ok",
  "request_id": "f5c06797-df01-4eb6-b616-8c77f2c60895",
  "objects": [
    {
      "name": "green small box",
      "pose": [
        [
          -0.6521049737930298,
          0.12028084695339203,
          -0.7485262155532837,
          -0.06009327247738838
        ],
        [
          0.5354515314102173,
          -0.6258935928344727,
          -0.5670525431632996,
          0.16212791204452515
        ],
        [
          -0.5367034673690796,
          -0.7705773115158081,
          0.3437439799308777,
          0.6496939063072205
        ],
        [
          0.0,
          0.0,
          0.0,
          1.0
        ]
      ],
      "length": [
        0.08123358339071274,
        0.06880378723144531,
        0.07346928864717484
      ],
      "obj_id": [
        1,
        1
      ],
      "box_id": 1
    },
    {
      "name": "red box",
      "pose": [
        [
          -0.9720841646194458,
          -0.17381712794303894,
          -0.15760745108127594,
          0.3738386332988739
        ],
        [
          0.23315496742725372,
          -0.6403197050094604,
          -0.7318671941757202,
          0.09297137707471848
        ],
        [
          0.026291897520422935,
          -0.7481833696365356,
          0.6629709005355835,
          0.7404212355613708
        ],
        [
          0.0,
          0.0,
          0.0,
          1.0
        ]
      ],
      "length": [
        0.0713692456483841,
        0.06195776164531708,
        0.06906761229038239
      ],
      "obj_id": [
        2,
        2
      ],
      "box_id": 2
    },
    {
      "name": "red box",
      "pose": [
        [
          -0.5891139507293701,
          0.08356507867574692,
          -0.8037175536155701,
          0.06765848398208618
        ],
        [
          0.5694472789764404,
          -0.6627498865127563,
          -0.4863051772117615,
          0.06053996831178665
        ],
        [
          -0.5733016729354858,
          -0.7441638112068176,
          0.34284907579421997,
          0.6652147769927979
        ],
        [
          0.0,
          0.0,
          0.0,
          1.0
        ]
      ],
      "length": [
        0.1044437438249588,
        0.11861886084079742,
        0.09662562608718872
      ],
      "obj_id": [
        3,
        3
      ],
      "box_id": 3
    }
  ],
  "elapsed_sec": 0.1027
}