{
  "status": "ok",
  "request_id": "fbde2021-b29a-4fdb-bfd5-2113179f6f65",
  "objects": [
    {
      "name": "cup",
      "pose": [
        [
          0.9706399440765381,
          0.0300750769674778,
          0.23864953219890594,
          0.17622724175453186
        ],
        [
          0.013733538798987865,
          -0.9974634647369385,
          0.06984495371580124,
          0.06636964529752731
        ],
        [
          0.240144744515419,
          -0.06451680511236191,
          -0.9685909748077393,
          0.6277444958686829
        ],
        [
          0.0,
          0.0,
          0.0,
          1.0
        ]
      ],
      "length": [
        0.10137145221233368,
        0.20965726673603058,
        0.1306619495153427
      ],
      "obj_id": [
        1,
        1
      ],
      "box_id": 1
    },
    {
      "name": "cup",
      "pose": [
        [
          0.9629873633384705,
          0.002481388859450817,
          -0.26953503489494324,
          0.8571075797080994
        ],
        [
          0.04868169501423836,
          -0.9851151704788208,
          0.16485948860645294,
          0.19223669171333313
        ],
        [
          -0.2651139199733734,
          -0.17187903821468353,
          -0.9487742185592651,
          1.724023461341858
        ],
        [
          0.0,
          0.0,
          0.0,
          1.0
        ]
      ],
      "length": [
        0.1789804846048355,
        0.21845950186252594,
        0.19648468494415283
      ],
      "obj_id": [
        2,
        2
      ],
      "box_id": 2
    }
  ],
  "elapsed_sec": 0.1182
}