{
  "status": "ok",
  "request_id": "a8f6eacb-84a4-4ecb-978c-8bb2c2738a6c",
  "objects": [
    {
      "name": "blue cap",
      "pose": [
        [
          -0.1916971206665039,
          0.049890387803316116,
          0.9801852107048035,
          -0.08673858642578125
        ],
        [
          -0.891840934753418,
          -0.42577874660491943,
          -0.1527477204799652,
          -0.004644181113690138
        ],
        [
          0.40972158312797546,
          -0.903450608253479,
          0.12611496448516846,
          0.7084696888923645
        ],
        [
          0.0,
          0.0,
          0.0,
          1.0
        ]
      ],
      "length": [
        0.041769690811634064,
        0.0981198400259018,
        0.05447967350482941
      ],
      "obj_id": [
        1,
        1
      ],
      "box_id": 1
    },
    {
      "name": "yellow object",
      "pose": [
        [
          -0.17216455936431885,
          0.14980800449848175,
          0.9736102819442749,
          0.2542921304702759
        ],
        [
          -0.8507508635520935,
          -0.520846962928772,
          -0.07029721885919571,
          0.01626589708030224
        ],
        [
          0.49657073616981506,
          -0.8404024839401245,
          0.21712052822113037,
          0.6799684166908264
        ],
        [
          0.0,
          0.0,
          0.0,
          1.0
        ]
      ],
      "length": [
        0.03308481723070145,
        0.08794082701206207,
        0.0401446633040905
      ],
      "obj_id": [
        2,
        2
      ],
      "box_id": 2
    }
  ],
  "elapsed_sec": 0.0979
}